customer_id,Recency,Frequency,Monetary,R_Score,M_Score,F_Score,RFM_Score
1006,493,1,109.75,1,3,1,113
1009,264,1,37.84,2,2,1,212
1018,219,1,51.91,3,2,1,312
1023,140,1,23.4,3,2,1,312
1040,55,1,43.58,3,2,1,312
1042,510,1,7.87,1,1,1,111
1043,412,1,6.46,2,1,1,211
1046,514,1,69.72,1,3,1,113
1049,150,1,47.66,3,2,1,312
1053,169,1,29.7,3,2,1,312
1056,142,1,95.68,3,3,1,313
1058,470,1,14.31,1,1,1,111
1072,182,1,37.34,3,2,1,312
1086,26,1,43.36,3,2,1,312
1090,36,1,54.88,3,2,1,312
1096,456,1,33.9,2,2,1,212
1100,589,1,13.04,1,1,1,111
1104,5,2,49.73,3,2,3,332
1106,140,1,20.72,3,1,1,311
1108,316,1,73.25,2,3,1,213
1126,343,1,9.75,2,1,1,211
1132,189,2,25.92,3,2,3,332
1138,255,1,8.97,2,1,1,211
1153,31,1,99.65,3,3,1,313
1154,184,1,46.53,3,2,1,312
1157,469,1,16.07,1,1,1,111
1158,643,1,22.67,1,2,1,112
1166,328,1,6.43,2,1,1,211
1172,653,1,0.51,1,1,1,111
1185,602,1,38.34,1,2,1,112
1187,526,1,25.98,1,2,1,112
1188,201,1,42.96,3,2,1,312
1195,682,1,41.9,1,2,1,112
1197,449,1,6.1,2,1,1,211
1200,284,1,100.02,2,3,1,213
1201,540,1,51.98,1,2,1,112
1207,180,1,15.22,3,1,1,311
1224,301,1,17.67,2,1,1,211
1231,180,1,25.95,3,2,1,312
1241,657,1,4.28,1,1,1,111
1243,451,1,100.39,2,3,1,213
1251,565,1,27.08,1,2,1,112
1256,543,1,36.05,1,2,1,112
1266,452,1,97.68,2,3,1,213
1272,443,1,15.64,2,1,1,211
1274,318,1,6.65,2,1,1,211
1282,657,1,36.99,1,2,1,112
1307,372,1,1.85,2,1,1,211
1310,387,1,112.82,2,3,1,213
1317,148,1,50.47,3,2,1,312
1319,643,1,46.58,1,2,1,112
1320,64,1,34.34,3,2,1,312
1333,247,2,27.85,2,2,3,232
1339,135,1,97.55,3,3,1,313
1341,477,1,17.72,1,1,1,111
1349,690,1,22.59,1,2,1,112
1356,422,1,21.47,2,1,1,211
1372,498,1,44.13,1,2,1,112
1379,660,1,19.02,1,1,1,111
1387,217,1,70.12,3,3,1,313
1400,694,1,15.14,1,1,1,111
1410,248,1,68.35,2,3,1,213
1420,8,1,21.95,3,1,1,311
1422,627,1,60.8,1,3,1,113
1430,256,1,35.06,2,2,1,212
1434,294,1,33.34,2,2,1,212
1436,266,2,74.32,2,3,3,233
1439,71,1,38.97,3,2,1,312
1440,165,1,21.64,3,1,1,311
1444,664,1,52.11,1,2,1,112
1452,640,1,15.38,1,1,1,111
1464,666,1,6.64,1,1,1,111
1470,346,1,18.15,2,1,1,211
1472,240,1,124.0,2,3,1,213
1474,694,1,71.96,1,3,1,113
1475,427,1,21.33,2,1,1,211
1478,157,1,128.29,3,3,1,313
1480,469,1,15.15,1,1,1,111
1483,432,1,42.4,2,2,1,212
1488,657,1,86.16,1,3,1,113
1496,343,1,5.37,2,1,1,211
1502,658,1,29.45,1,2,1,112
1505,111,1,59.56,3,3,1,313
1508,537,1,34.13,1,2,1,112
1510,682,1,115.6,1,3,1,113
1514,62,1,64.89,3,3,1,313
1519,657,1,38.88,1,2,1,112
1525,104,1,35.73,3,2,1,312
1528,380,1,99.25,2,3,1,213
1530,260,1,7.7,2,1,1,211
1534,550,1,106.92,1,3,1,113
1535,516,1,74.34,1,3,1,113
1539,590,1,19.25,1,1,1,111
1550,383,1,22.77,2,2,1,212
1554,78,1,64.49,3,3,1,313
1579,300,1,17.86,2,1,1,211
1590,81,1,3.84,3,1,1,311
1595,80,1,32.8,3,2,1,312
1601,376,1,28.96,2,2,1,212
1602,115,1,44.22,3,2,1,312
1606,631,1,78.6,1,3,1,113
1609,493,1,62.9,1,3,1,113
1611,20,1,59.56,3,3,1,313
1613,722,1,14.4,1,1,1,111
1627,507,1,11.08,1,1,1,111
1634,63,1,114.5,3,3,1,313
1645,490,1,43.76,1,2,1,112
1647,51,1,45.56,3,2,1,312
1651,248,1,73.12,2,3,1,213
1652,13,1,37.08,3,2,1,312
1653,31,2,57.230000000000004,3,3,3,333
1659,137,2,122.14,3,3,3,333
1660,562,1,7.3,1,1,1,111
1672,380,2,103.39,2,3,3,233
1674,89,1,22.59,3,2,1,312
1681,139,1,37.15,3,2,1,312
1686,484,1,9.99,1,1,1,111
1689,506,1,17.73,1,1,1,111
1693,391,1,21.94,2,1,1,211
1697,551,1,39.41,1,2,1,112
1699,371,1,24.96,2,2,1,212
1710,165,1,41.22,3,2,1,312
1711,163,1,35.15,3,2,1,312
1717,115,1,50.45,3,2,1,312
1719,14,1,3.0,3,1,1,311
1721,63,1,26.73,3,2,1,312
1724,417,1,37.64,2,2,1,212
1725,292,1,140.89,2,3,1,213
1726,456,1,5.58,2,1,1,211
1727,179,1,2.46,3,1,1,311
1732,100,1,59.18,3,3,1,313
1741,418,1,32.75,2,2,1,212
1742,699,1,78.0,1,3,1,113
1744,231,1,25.09,2,2,1,212
1749,293,1,13.07,2,1,1,211
1753,363,1,97.0,2,3,1,213
1762,12,1,9.79,3,1,1,311
1771,61,1,87.04,3,3,1,313
1782,544,1,13.17,1,1,1,111
1783,57,1,83.88,3,3,1,313
1793,694,1,33.56,1,2,1,112
1794,136,1,82.03,3,3,1,313
1797,539,1,85.61,1,3,1,113
1802,204,1,5.66,3,1,1,311
1803,22,1,35.81,3,2,1,312
1815,206,1,65.5,3,3,1,313
1821,276,1,24.23,2,2,1,212
1822,297,1,30.68,2,2,1,212
1823,527,1,65.84,1,3,1,113
1828,511,1,45.12,1,2,1,112
1829,504,2,140.24,1,3,3,133
1831,209,1,0.81,3,1,1,311
1832,658,1,18.79,1,1,1,111
1838,287,1,24.23,2,2,1,212
1841,276,2,117.99000000000001,2,3,3,233
1842,506,1,37.05,1,2,1,112
1845,571,1,47.7,1,2,1,112
1857,116,1,49.89,3,2,1,312
1858,631,1,132.11,1,3,1,113
1861,609,1,4.79,1,1,1,111
1862,590,1,83.97,1,3,1,113
1872,422,1,23.63,2,2,1,212
1878,57,2,51.169999999999995,3,2,3,332
1887,206,1,38.66,3,2,1,312
1893,300,1,57.11,2,3,1,213
1894,121,1,51.39,3,2,1,312
1897,724,1,34.43,1,2,1,112
1901,489,1,8.97,1,1,1,111
1907,84,1,14.37,3,1,1,311
1911,377,1,54.05,2,2,1,212
1916,552,1,59.5,1,3,1,113
1919,502,1,95.03,1,3,1,113
1920,456,1,40.53,2,2,1,212
1924,621,1,72.98,1,3,1,113
1931,335,1,18.0,2,1,1,211
1932,443,1,16.56,2,1,1,211
1939,671,1,63.5,1,3,1,113
1944,293,1,40.14,2,2,1,212
1945,295,1,34.05,2,2,1,212
1949,542,1,21.37,1,1,1,111
1960,602,1,16.06,1,1,1,111
1962,323,1,22.04,2,2,1,212
1964,552,1,14.16,1,1,1,111
1969,24,1,47.63,3,2,1,312
1971,514,1,21.33,1,1,1,111
1972,287,1,109.92,2,3,1,213
1977,601,1,38.37,1,2,1,112
1981,607,1,67.57,1,3,1,113
1982,274,1,38.18,2,2,1,212
1986,256,1,7.41,2,1,1,211
1987,4,1,66.08,3,3,1,313
1990,116,2,33.75,3,2,3,332
2020,181,3,94.63,3,3,3,333
2025,281,1,64.12,2,3,1,213
2035,236,1,71.44,2,3,1,213
2036,600,1,75.57,1,3,1,113
2037,111,1,56.94,3,3,1,313
2040,431,1,38.66,2,2,1,212
2041,360,1,77.52,2,3,1,213
2044,309,1,69.43,2,3,1,213
2056,576,1,5.92,1,1,1,111
2063,302,1,10.08,2,1,1,211
2070,418,1,18.07,2,1,1,211
2083,489,1,6.9,1,1,1,111
2100,496,1,9.71,1,1,1,111
2104,26,1,100.94,3,3,1,313
2106,462,2,54.79,1,2,3,132
2113,205,1,11.66,3,1,1,311
2121,547,1,26.02,1,2,1,112
2124,123,1,38.84,3,2,1,312
2127,47,1,6.28,3,1,1,311
2130,4,1,13.37,3,1,1,311
2133,93,2,60.28,3,3,3,333
2137,129,1,41.62,3,2,1,312
2139,694,1,17.79,1,1,1,111
2143,515,1,9.06,1,1,1,111
2160,552,1,21.68,1,1,1,111
2163,180,2,151.93,3,3,3,333
2169,256,1,72.26,2,3,1,213
2188,722,1,99.32,1,3,1,113
2192,583,1,50.4,1,2,1,112
2193,376,1,53.32,2,2,1,212
2195,717,1,51.74,1,2,1,112
2196,694,1,6.14,1,1,1,111
2204,666,1,59.5,1,3,1,113
2208,632,1,26.14,1,2,1,112
2210,386,1,31.24,2,2,1,212
2213,378,1,77.5,2,3,1,213
2215,380,1,13.94,2,1,1,211
2218,198,1,79.03,3,3,1,313
2228,713,1,45.0,1,2,1,112
2229,608,1,75.61,1,3,1,113
2232,44,1,4.56,3,1,1,311
2233,620,1,103.61,1,3,1,113
2234,592,1,81.3,1,3,1,113
2235,385,1,22.43,2,2,1,212
2245,465,1,39.02,1,2,1,112
2259,284,1,15.25,2,1,1,211
2260,449,2,40.800000000000004,2,2,3,232
2262,344,1,33.62,2,2,1,212
2275,60,1,84.4,3,3,1,313
2276,286,2,250.84000000000003,2,3,3,233
2284,341,1,54.42,2,2,1,212
2288,422,1,22.82,2,2,1,212
2290,663,1,21.13,1,1,1,111
2292,535,1,24.06,1,2,1,112
2294,332,2,182.31,2,3,3,233
2295,13,1,15.78,3,1,1,311
2298,715,1,12.11,1,1,1,111
2312,68,1,88.94,3,3,1,313
2314,199,1,59.83,3,3,1,313
2315,68,1,50.25,3,2,1,312
2317,265,1,18.19,2,1,1,211
2320,222,1,63.7,3,3,1,313
2323,479,1,38.95,1,2,1,112
2330,608,1,60.48,1,3,1,113
2335,277,1,90.67,2,3,1,213
2336,518,1,45.77,1,2,1,112
2337,438,1,28.18,2,2,1,212
2341,321,2,15.370000000000001,2,1,3,231
2343,404,1,7.99,2,1,1,211
2350,441,1,36.22,2,2,1,212
2353,165,1,90.85,3,3,1,313
2369,489,1,51.01,1,2,1,112
2374,137,1,31.62,3,2,1,312
2376,277,1,19.58,2,1,1,211
2380,537,1,24.88,1,2,1,112
2381,338,1,73.88,2,3,1,213
2387,166,1,7.78,3,1,1,311
2388,207,2,93.78,3,3,3,333
2389,509,1,72.72,1,3,1,113
2391,43,2,29.660000000000004,3,2,3,332
2392,645,1,58.88,1,3,1,113
2398,657,1,3.65,1,1,1,111
2402,323,1,59.07,2,3,1,213
2406,639,1,82.42,1,3,1,113
2412,678,1,43.01,1,2,1,112
2415,300,1,72.45,2,3,1,213
2419,513,1,25.64,1,2,1,112
2425,388,1,51.59,2,2,1,212
2442,485,1,25.07,1,2,1,112
2465,223,1,8.04,3,1,1,311
2468,455,1,30.66,2,2,1,212
2479,252,1,38.69,2,2,1,212
2480,392,1,23.6,2,2,1,212
2489,142,1,8.82,3,1,1,311
2494,83,3,135.32999999999998,3,3,3,333
2496,552,1,85.23,1,3,1,113
2499,725,1,31.58,1,2,1,112
2519,434,1,55.86,2,3,1,213
2524,266,1,50.12,2,2,1,212
2525,417,1,116.36,2,3,1,213
2526,162,1,9.83,3,1,1,311
2545,654,1,11.88,1,1,1,111
2557,487,1,46.68,1,2,1,112
2559,729,1,12.26,1,1,1,111
2560,624,1,12.1,1,1,1,111
2562,34,2,37.2,3,2,3,332
2565,337,1,18.71,2,1,1,211
2578,322,1,32.76,2,2,1,212
2584,424,2,114.88,2,3,3,233
2591,28,1,65.01,3,3,1,313
2592,547,1,20.07,1,1,1,111
2600,390,1,35.62,2,2,1,212
2604,690,1,56.5,1,3,1,113
2612,139,2,10.84,3,1,3,331
2615,106,1,14.73,3,1,1,311
2622,82,1,8.71,3,1,1,311
2623,78,1,29.24,3,2,1,312
2625,137,1,17.58,3,1,1,311
2631,243,1,29.38,2,2,1,212
2638,673,1,54.52,1,2,1,112
2641,408,1,7.66,2,1,1,211
2644,50,1,36.83,3,2,1,312
2646,385,2,46.2,2,2,3,232
2653,268,1,21.64,2,1,1,211
2654,434,1,34.7,2,2,1,212
2657,335,1,99.96,2,3,1,213
2667,109,1,34.17,3,2,1,312
2677,158,1,65.38,3,3,1,313
2678,649,1,15.8,1,1,1,111
2679,204,1,15.13,3,1,1,311
2680,177,2,121.07000000000001,3,3,3,333
2684,455,2,122.00999999999999,2,3,3,233
2685,35,1,15.63,3,1,1,311
2692,709,1,49.56,1,2,1,112
2697,0,2,145.96,3,3,3,333
2698,130,1,8.47,3,1,1,311
2713,63,1,1.7,3,1,1,311
2731,602,1,40.39,1,2,1,112
2734,541,1,24.44,1,2,1,112
2739,482,1,23.52,1,2,1,112
2743,53,1,4.57,3,1,1,311
2746,125,1,24.59,3,2,1,312
2752,624,1,66.91,1,3,1,113
2753,153,1,19.16,3,1,1,311
2758,8,1,8.2,3,1,1,311
2761,395,1,44.13,2,2,1,212
2768,349,1,31.62,2,2,1,212
2771,280,2,13.91,2,1,3,231
2773,458,1,125.8,2,3,1,213
2776,266,1,2.07,2,1,1,211
2785,609,1,104.7,1,3,1,113
2786,378,1,5.31,2,1,1,211
2789,251,1,120.31,2,3,1,213
2790,536,1,90.4,1,3,1,113
2791,204,1,18.52,3,1,1,311
2795,406,1,43.45,2,2,1,212
2796,611,1,97.24,1,3,1,113
2800,581,1,44.62,1,2,1,112
2816,80,2,164.95999999999998,3,3,3,333
2821,127,1,11.83,3,1,1,311
2824,710,1,14.92,1,1,1,111
2838,682,1,9.41,1,1,1,111
2845,473,1,0.88,1,1,1,111
2848,704,1,9.98,1,1,1,111
2858,371,2,86.6,2,3,3,233
2862,150,1,31.17,3,2,1,312
2865,6,1,24.28,3,2,1,312
2867,526,1,5.77,1,1,1,111
2868,317,1,101.97,2,3,1,213
2871,459,2,182.43,2,3,3,233
2874,67,2,158.66000000000003,3,3,3,333
2876,125,2,84.12,3,3,3,333
2880,307,1,17.12,2,1,1,211
2885,712,1,56.52,1,3,1,113
2886,366,1,59.4,2,3,1,213
2887,415,1,37.55,2,2,1,212
2889,552,1,103.3,1,3,1,113
2891,38,1,6.88,3,1,1,311
2899,129,1,27.6,3,2,1,312
2904,201,1,89.44,3,3,1,313
2922,149,1,6.87,3,1,1,311
2923,127,2,117.67,3,3,3,333
2924,226,1,58.34,2,3,1,213
2929,526,1,74.05,1,3,1,113
2931,544,1,36.1,1,2,1,112
2934,130,1,19.19,3,1,1,311
2936,368,1,55.63,2,3,1,213
2946,630,1,99.92,1,3,1,113
2958,152,1,43.13,3,2,1,312
2964,38,2,17.85,3,1,3,331
2975,61,1,26.06,3,2,1,312
2978,313,1,15.35,2,1,1,211
2982,537,1,104.72,1,3,1,113
2983,111,1,27.61,3,2,1,312
2988,375,1,9.28,2,1,1,211
2996,284,1,76.45,2,3,1,213
3002,410,1,8.87,2,1,1,211
3007,522,1,22.72,1,2,1,112
3009,624,1,4.4,1,1,1,111
3017,272,1,78.56,2,3,1,213
3024,376,1,4.9,2,1,1,211
3034,327,1,76.58,2,3,1,213
3035,8,1,125.12,3,3,1,313
3037,365,1,95.3,2,3,1,213
3039,109,1,85.75,3,3,1,313
3041,170,1,35.4,3,2,1,312
3042,508,1,14.52,1,1,1,111
3045,13,1,0.76,3,1,1,311
3060,630,1,14.65,1,1,1,111
3063,118,1,104.9,3,3,1,313
3067,516,1,1.69,1,1,1,111
3068,234,3,84.03,2,3,3,233
3078,185,1,13.3,3,1,1,311
3085,580,1,75.85,1,3,1,113
3086,164,1,1.16,3,1,1,311
3088,697,1,28.69,1,2,1,112
3091,246,1,119.7,2,3,1,213
3093,209,1,27.03,3,2,1,312
3102,48,1,67.54,3,3,1,313
3110,658,1,45.11,1,2,1,112
3114,393,1,48.08,2,2,1,212
3116,434,1,29.16,2,2,1,212
3126,254,1,40.97,2,2,1,212
3131,297,1,8.77,2,1,1,211
3139,290,1,8.54,2,1,1,211
3141,546,1,4.08,1,1,1,111
3142,139,1,57.48,3,3,1,313
3143,235,1,76.64,2,3,1,213
3144,208,1,83.36,3,3,1,313
3146,9,1,19.65,3,1,1,311
3147,266,1,30.48,2,2,1,212
3153,659,1,5.78,1,1,1,111
3161,44,2,146.3,3,3,3,333
3165,358,1,5.68,2,1,1,211
3170,5,2,72.77,3,3,3,333
3174,536,1,6.59,1,1,1,111
3181,231,1,15.12,2,1,1,211
3184,107,1,119.43,3,3,1,313
3187,235,1,19.61,2,1,1,211
3188,358,1,11.99,2,1,1,211
3194,44,2,125.99000000000001,3,3,3,333
3198,68,1,36.12,3,2,1,312
3200,524,1,9.78,1,1,1,111
3209,680,1,5.1,1,1,1,111
3218,135,1,22.16,3,2,1,312
3230,496,1,13.89,1,1,1,111
3236,58,1,7.86,3,1,1,311
3240,242,1,29.66,2,2,1,212
3245,175,1,74.04,3,3,1,313
3248,136,2,60.36,3,3,3,333
3252,75,2,84.74,3,3,3,333
3255,318,1,45.17,2,2,1,212
3258,283,1,16.83,2,1,1,211
3262,327,1,19.52,2,1,1,211
3267,51,2,62.03,3,3,3,333
3273,140,1,81.5,3,3,1,313
3274,521,1,16.6,1,1,1,111
3275,546,1,46.91,1,2,1,112
3281,120,1,21.26,3,1,1,311
3290,537,3,150.4,1,3,3,133
3292,116,1,45.08,3,2,1,312
3293,170,1,6.05,3,1,1,311
3296,402,1,54.41,2,2,1,212
3308,654,1,4.93,1,1,1,111
3316,333,1,115.74,2,3,1,213
3317,17,1,15.55,3,1,1,311
3321,459,1,4.28,2,1,1,211
3324,154,1,4.02,3,1,1,311
3329,281,1,31.56,2,2,1,212
3330,674,1,9.69,1,1,1,111
3332,177,1,5.82,3,1,1,311
3339,70,1,80.41,3,3,1,313
3340,676,1,5.07,1,1,1,111
3344,549,1,51.87,1,2,1,112
3347,217,2,135.22,3,3,3,333
3352,503,1,44.25,1,2,1,112
3353,487,1,30.91,1,2,1,112
3361,411,1,22.11,2,2,1,212
3362,145,1,38.66,3,2,1,312
3363,575,1,4.49,1,1,1,111
3365,104,1,9.23,3,1,1,311
3369,432,1,62.59,2,3,1,213
3370,629,1,19.52,1,1,1,111
3390,717,1,102.75,1,3,1,113
3392,623,1,21.83,1,1,1,111
3396,177,1,16.63,3,1,1,311
3399,504,1,52.43,1,2,1,112
3417,117,2,55.209999999999994,3,3,3,333
3419,546,1,14.2,1,1,1,111
3426,396,1,12.42,2,1,1,211
3430,678,1,97.68,1,3,1,113
3434,383,1,37.26,2,2,1,212
3439,542,1,21.45,1,1,1,111
3441,24,1,11.9,3,1,1,311
3442,306,1,73.38,2,3,1,213
3444,99,2,187.27999999999997,3,3,3,333
3449,303,1,56.4,2,3,1,213
3458,590,1,10.49,1,1,1,111
3463,471,1,9.54,1,1,1,111
3471,681,1,16.13,1,1,1,111
3474,722,1,59.8,1,3,1,113
3480,15,1,9.29,3,1,1,311
3481,409,1,3.56,2,1,1,211
3492,345,1,5.31,2,1,1,211
3496,544,1,114.2,1,3,1,113
3497,577,1,17.1,1,1,1,111
3500,196,1,7.84,3,1,1,311
3501,514,1,21.56,1,1,1,111
3503,181,1,3.82,3,1,1,311
3504,139,1,45.52,3,2,1,312
3506,391,1,58.45,2,3,1,213
3507,493,1,39.4,1,2,1,112
3509,376,1,81.18,2,3,1,213
3513,202,1,111.39,3,3,1,313
3522,342,1,100.88,2,3,1,213
3525,174,1,19.84,3,1,1,311
3526,597,1,61.25,1,3,1,113
3527,155,1,1.72,3,1,1,311
3529,671,1,33.7,1,2,1,112
3531,42,1,60.11,3,3,1,313
3532,10,1,90.01,3,3,1,313
3535,219,1,29.52,3,2,1,312
3538,670,1,14.83,1,1,1,111
3541,515,1,19.34,1,1,1,111
3545,313,1,19.13,2,1,1,211
3546,518,1,8.14,1,1,1,111
3577,531,1,2.78,1,1,1,111
3578,442,1,83.85,2,3,1,213
3579,144,1,24.84,3,2,1,312
3580,177,1,48.96,3,2,1,312
3582,102,1,13.25,3,1,1,311
3587,413,1,20.38,2,1,1,211
3588,387,1,87.28,2,3,1,213
3591,377,1,4.51,2,1,1,211
3594,488,1,11.12,1,1,1,111
3600,447,1,17.44,2,1,1,211
3607,152,1,12.44,3,1,1,311
3608,118,1,11.3,3,1,1,311
3610,342,1,70.21,2,3,1,213
3615,187,1,18.27,3,1,1,311
3616,98,1,63.87,3,3,1,313
3621,114,2,107.10000000000001,3,3,3,333
3623,472,1,95.06,1,3,1,113
3626,518,1,7.36,1,1,1,111
3634,473,1,20.97,1,1,1,111
3646,311,1,19.18,2,1,1,211
3655,95,1,43.2,3,2,1,312
3658,589,1,8.63,1,1,1,111
3661,291,1,40.45,2,2,1,212
3662,108,2,28.669999999999998,3,2,3,332
3683,488,1,0.82,1,1,1,111
3688,388,1,22.97,2,2,1,212
3692,7,1,28.0,3,2,1,312
3695,475,2,133.31,1,3,3,133
3697,604,1,58.92,1,3,1,113
3704,77,1,27.12,3,2,1,312
3705,524,1,12.72,1,1,1,111
3711,689,1,25.82,1,2,1,112
3712,169,1,15.39,3,1,1,311
3725,190,1,22.04,3,2,1,312
3733,349,1,43.5,2,2,1,212
3734,444,1,73.67,2,3,1,213
3740,665,1,19.43,1,1,1,111
3754,670,1,10.1,1,1,1,111
3756,160,1,24.75,3,2,1,312
3762,270,1,31.08,2,2,1,212
3780,218,1,28.89,3,2,1,312
3803,315,1,56.04,2,3,1,213
3807,665,1,25.47,1,2,1,112
3815,107,1,3.22,3,1,1,311
3826,97,1,58.83,3,3,1,313
3827,699,1,20.35,1,1,1,111
3828,31,1,0.77,3,1,1,311
3830,137,1,23.81,3,2,1,312
3837,372,1,23.88,2,2,1,212
3838,298,1,57.86,2,3,1,213
3842,262,1,19.81,2,1,1,211
3848,705,1,17.36,1,1,1,111
3851,251,1,41.9,2,2,1,212
3852,113,1,94.8,3,3,1,313
3854,523,1,56.23,1,3,1,113
3858,301,2,84.56,2,3,3,233
3868,85,3,81.74000000000001,3,3,3,333
3869,243,1,14.62,2,1,1,211
3870,364,1,87.81,2,3,1,213
3877,637,1,57.76,1,3,1,113
3880,4,1,6.26,3,1,1,311
3881,105,1,50.55,3,2,1,312
3885,160,1,13.16,3,1,1,311
3900,45,1,3.94,3,1,1,311
3924,312,1,57.8,2,3,1,213
3927,335,1,17.08,2,1,1,211
3937,646,1,20.02,1,1,1,111
3938,157,1,37.78,3,2,1,312
3939,495,1,20.85,1,1,1,111
3948,132,1,7.33,3,1,1,311
3950,597,1,38.85,1,2,1,112
3953,563,1,80.36,1,3,1,113
3955,517,1,43.74,1,2,1,112
3956,306,1,29.01,2,2,1,212
3981,133,1,146.65,3,3,1,313
3986,99,1,77.66,3,3,1,313
3999,440,1,101.75,2,3,1,213
4006,513,1,116.79,1,3,1,113
4015,17,1,111.77,3,3,1,313
4022,585,1,4.99,1,1,1,111
4033,581,1,17.58,1,1,1,111
4043,202,2,103.63,3,3,3,333
4044,676,1,62.8,1,3,1,113
4048,342,1,74.97,2,3,1,213
4050,719,1,41.96,1,2,1,112
4060,344,1,55.72,2,3,1,213
4065,485,1,132.8,1,3,1,113
4070,395,1,5.44,2,1,1,211
4073,327,1,12.92,2,1,1,211
4084,480,1,3.42,1,1,1,111
4088,1,1,91.73,3,3,1,313
4090,188,1,12.5,3,1,1,311
4109,635,1,111.4,1,3,1,113
4111,499,1,10.13,1,1,1,111
4113,154,1,58.74,3,3,1,313
4114,532,1,25.9,1,2,1,112
4115,247,1,17.8,2,1,1,211
4120,689,1,136.6,1,3,1,113
4122,13,1,34.67,3,2,1,312
4130,663,1,43.78,1,2,1,112
4131,507,1,54.82,1,2,1,112
4139,582,1,41.3,1,2,1,112
4144,248,1,2.4,2,1,1,211
4150,182,1,29.63,3,2,1,312
4155,484,1,107.14,1,3,1,113
4164,420,2,27.26,2,2,3,232
4178,444,1,7.94,2,1,1,211
4180,499,1,48.71,1,2,1,112
4185,172,1,21.17,3,1,1,311
4189,448,1,57.21,2,3,1,213
4196,96,1,21.76,3,1,1,311
4201,161,1,29.43,3,2,1,312
4203,374,1,45.12,2,2,1,212
4216,236,1,69.18,2,3,1,213
4228,374,2,78.44,2,3,3,233
4232,380,1,46.9,2,2,1,212
4241,399,1,42.56,2,2,1,212
4246,90,1,86.28,3,3,1,313
4249,670,1,4.29,1,1,1,111
4257,173,1,6.98,3,1,1,311
4258,611,1,65.51,1,3,1,113
4262,615,1,52.54,1,2,1,112
4266,78,1,20.44,3,1,1,311
4267,142,1,36.19,3,2,1,312
4268,41,1,68.67,3,3,1,313
4269,95,1,9.72,3,1,1,311
4271,107,1,77.82,3,3,1,313
4273,270,1,43.12,2,2,1,212
4289,627,1,4.08,1,1,1,111
4290,357,1,22.36,2,2,1,212
4292,114,1,15.49,3,1,1,311
4295,176,1,18.4,3,1,1,311
4310,86,1,50.58,3,2,1,312
4321,624,1,95.14,1,3,2,123
4328,442,1,4.78,2,1,2,221
4329,102,1,44.47,3,2,2,322
4340,411,1,84.56,2,3,2,223
4342,465,1,46.48,1,2,2,122
4349,495,1,8.81,1,1,2,121
4350,421,1,28.39,2,2,2,222
4361,318,1,8.52,2,1,2,221
4362,676,1,28.54,1,2,2,122
4365,173,1,41.78,3,2,2,322
4376,677,1,34.09,1,2,2,122
4385,98,1,15.46,3,1,2,321
4389,325,1,15.72,2,1,2,221
4390,104,1,49.36,3,2,2,322
4394,274,2,183.76,2,3,3,233
4396,193,1,49.88,3,2,2,322
4397,294,1,115.47,2,3,2,223
4401,378,1,11.49,2,1,2,221
4404,244,1,31.31,2,2,2,222
4422,54,1,46.94,3,2,2,322
4432,209,1,71.43,3,3,2,323
4434,389,1,45.2,2,2,2,222
4450,172,1,90.09,3,3,2,323
4453,134,1,71.15,3,3,2,323
4456,20,1,10.34,3,1,2,321
4457,524,1,97.06,1,3,2,123
4460,133,1,73.73,3,3,2,323
4463,29,1,83.94,3,3,2,323
4467,376,1,11.43,2,1,2,221
4470,345,1,70.65,2,3,2,223
4475,231,1,56.24,2,3,2,223
4490,242,1,23.06,2,2,2,222
4501,332,1,27.4,2,2,2,222
4505,680,1,10.13,1,1,2,121
4519,570,1,59.88,1,3,2,123
4522,395,1,16.42,2,1,2,221
4524,276,1,27.28,2,2,2,222
4527,136,1,48.97,3,2,2,322
4538,98,1,65.8,3,3,2,323
4545,156,1,18.03,3,1,2,321
4555,357,1,19.79,2,1,2,221
4559,662,1,21.93,1,1,2,121
4566,684,1,53.4,1,2,2,122
4568,396,1,41.69,2,2,2,222
4570,280,1,5.12,2,1,2,221
4571,368,1,2.38,2,1,2,221
4578,138,1,24.74,3,2,2,322
4580,399,1,48.68,2,2,2,222
4582,549,1,23.46,1,2,2,122
4583,337,1,23.59,2,2,2,222
4593,622,1,29.84,1,2,2,122
4595,518,1,80.23,1,3,2,123
4598,198,1,6.16,3,1,2,321
4608,724,1,5.86,1,1,2,121
4611,381,1,18.03,2,1,2,221
4612,422,1,63.54,2,3,2,223
4613,350,1,85.61,2,3,2,223
4618,559,1,19.2,1,1,2,121
4621,383,1,120.72,2,3,2,223
4625,154,1,51.76,3,2,2,322
4626,226,1,38.85,2,2,2,222
4637,95,1,51.06,3,2,2,322
4641,628,1,8.03,1,1,2,121
4648,81,1,40.8,3,2,2,322
4656,105,1,130.36,3,3,2,323
4657,621,1,25.48,1,2,2,122
4673,635,1,23.49,1,2,2,122
4678,708,1,14.54,1,1,2,121
4681,76,2,47.0,3,2,3,332
4683,226,2,69.83,2,3,3,233
4692,496,1,6.43,1,1,2,121
4694,461,1,23.59,2,2,2,222
4696,61,1,5.08,3,1,2,321
4697,127,1,13.54,3,1,2,321
4700,497,1,1.37,1,1,2,121
4705,103,2,166.12,3,3,3,333
4711,623,1,39.93,1,2,2,122
4727,449,1,8.94,2,1,2,221
4728,169,2,54.82000000000001,3,2,3,332
4733,129,1,69.26,3,3,2,323
4737,453,1,2.01,2,1,2,221
4743,408,1,11.93,2,1,2,221
4762,537,1,19.2,1,1,2,121
4770,258,3,148.86,2,3,3,233
4777,636,1,44.46,1,2,2,122
4788,432,1,3.28,2,1,2,221
4791,677,1,6.76,1,1,2,121
4792,33,1,40.49,3,2,2,322
4798,110,1,38.04,3,2,2,322
4803,78,1,44.07,3,2,2,322
4804,314,1,23.83,2,2,2,222
4814,56,2,112.46000000000001,3,3,3,333
4817,309,2,79.71,2,3,3,233
4824,12,1,20.11,3,1,2,321
4827,671,1,53.87,1,2,2,122
4830,363,1,28.5,2,2,2,222
4836,96,2,65.38,3,3,3,333
4848,207,1,13.28,3,1,2,321
4853,416,1,16.93,2,1,2,221
4858,383,1,8.02,2,1,2,221
4862,430,1,1.84,2,1,2,221
4866,125,1,38.71,3,2,2,322
4868,65,1,75.0,3,3,2,323
4871,681,1,9.32,1,1,2,121
4872,600,1,48.1,1,2,2,122
4878,58,1,51.93,3,2,2,322
4882,566,1,66.6,1,3,2,123
4886,433,1,75.88,2,3,2,223
4891,384,1,14.89,2,1,2,221
4898,272,1,16.64,2,1,2,221
4902,403,1,45.39,2,2,2,222
4909,685,1,133.74,1,3,2,123
4912,285,1,20.51,2,1,2,221
4919,516,1,73.65,1,3,2,123
4920,178,2,126.52000000000001,3,3,3,333
4921,301,2,30.1,2,2,3,232
4929,594,1,83.98,1,3,2,123
4937,193,1,66.56,3,3,2,323
4939,289,1,29.43,2,2,2,222
4945,343,1,35.71,2,2,2,222
4948,70,1,40.22,3,2,2,322
4949,341,1,23.71,2,2,2,222
4950,160,1,48.72,3,2,2,322
4954,170,1,49.7,3,2,2,322
4960,367,1,18.45,2,1,2,221
4963,171,1,100.35,3,3,2,323
4968,705,1,21.17,1,1,2,121
4971,476,1,60.8,1,3,2,123
4974,189,2,81.84,3,3,3,333
4977,285,1,52.25,2,2,2,222
4978,650,1,14.64,1,1,2,121
4984,188,1,61.12,3,3,2,323
4986,492,1,147.91,1,3,2,123
4993,375,1,9.66,2,1,2,221
4996,329,1,71.55,2,3,2,223
5000,317,1,45.92,2,2,2,222
5002,442,1,11.93,2,1,2,221
5005,663,1,16.22,1,1,2,121
5010,603,1,5.21,1,1,2,121
5011,360,1,12.55,2,1,2,221
5012,104,1,87.12,3,3,2,323
5016,613,1,18.49,1,1,2,121
5022,84,1,32.08,3,2,2,322
5026,342,1,5.08,2,1,2,221
5033,280,1,19.04,2,1,2,221
5037,176,1,50.78,3,2,2,322
5038,513,1,56.88,1,3,2,123
5040,151,1,85.61,3,3,2,323
5050,77,1,0.8,3,1,2,321
5054,201,1,84.93,3,3,2,323
5055,138,2,42.47,3,2,3,332
5059,180,1,23.28,3,2,2,322
5064,724,1,55.44,1,3,2,123
5065,522,1,52.54,1,2,2,122
5066,453,2,90.11,2,3,3,233
5067,219,1,66.14,3,3,2,323
5082,17,1,49.3,3,2,2,322
5088,211,1,16.25,3,1,2,321
5093,656,1,6.58,1,1,2,121
5096,689,1,3.22,1,1,2,121
5097,375,1,76.77,2,3,2,223
5102,709,1,3.3,1,1,2,121
5106,203,1,30.8,3,2,2,322
5119,300,1,114.88,2,3,2,223
5123,538,1,62.86,1,3,2,123
5128,167,1,9.44,3,1,2,321
5135,478,1,53.14,1,2,2,122
5139,218,1,93.93,3,3,2,323
5150,701,1,28.09,1,2,2,122
5155,149,1,11.1,3,1,2,321
5161,373,1,22.64,2,2,2,222
5169,95,1,8.15,3,1,2,321
5176,439,1,17.51,2,1,2,221
5177,572,1,6.39,1,1,2,121
5183,212,1,15.11,3,1,2,321
5186,505,1,71.39,1,3,2,123
5193,562,2,20.9,1,1,3,131
5198,134,1,29.75,3,2,2,322
5201,149,1,17.36,3,1,2,321
5215,171,1,20.4,3,1,2,321
5232,465,1,27.78,1,2,2,122
5239,557,1,97.85,1,3,2,123
5240,17,1,11.87,3,1,2,321
5246,146,1,86.43,3,3,2,323
5247,600,1,38.59,1,2,2,122
5264,183,1,92.4,3,3,2,323
5272,300,3,187.75,2,3,3,233
5279,591,1,36.4,1,2,2,122
5285,450,1,17.62,2,1,2,221
5291,604,1,19.32,1,1,2,121
5295,275,2,163.09,2,3,3,233
5305,459,1,107.12,2,3,2,223
5308,176,1,45.91,3,2,2,322
5315,341,1,47.76,2,2,2,222
5325,337,1,21.53,2,1,2,221
5331,256,1,8.16,2,1,2,221
5333,103,2,74.00999999999999,3,3,3,333
5334,118,1,17.49,3,1,2,321
5336,224,1,142.76,2,3,2,223
5339,621,1,33.35,1,2,2,122
5341,67,1,40.26,3,2,2,322
5342,467,1,63.26,1,3,2,123
5349,700,1,41.21,1,2,2,122
5351,422,1,12.33,2,1,2,221
5352,87,1,19.16,3,1,2,321
5371,133,1,35.6,3,2,2,322
5374,184,2,61.89,3,3,3,333
5375,303,1,51.65,2,2,2,222
5380,63,1,10.64,3,1,2,321
5381,707,1,105.88,1,3,2,123
5386,678,1,4.13,1,1,2,121
5390,610,1,25.57,1,2,2,122
5397,479,1,13.62,1,1,2,121
5398,437,1,52.91,2,2,2,222
5399,479,1,17.63,1,1,2,121
5402,242,1,17.05,2,1,2,221
5403,160,1,73.67,3,3,2,323
5415,282,1,45.36,2,2,2,222
5419,650,1,17.3,1,1,2,121
5422,11,1,36.66,3,2,2,322
5425,251,1,7.27,2,1,2,221
5450,623,1,38.0,1,2,2,122
5451,469,1,3.25,1,1,2,121
5465,84,1,6.16,3,1,2,321
5470,580,1,83.64,1,3,2,123
5475,562,1,28.59,1,2,2,122
5478,121,1,49.33,3,2,2,322
5479,407,1,15.89,2,1,2,221
5480,506,1,16.4,1,1,2,121
5489,657,1,53.93,1,2,2,122
5494,694,1,4.1,1,1,2,121
5496,632,1,9.72,1,1,2,121
5500,270,1,17.76,2,1,2,221
5501,313,1,74.35,2,3,2,223
5508,682,1,46.13,1,2,2,122
5526,298,1,15.82,2,1,2,221
5533,695,1,73.34,1,3,2,123
5537,229,1,14.83,2,1,2,221
5543,135,1,97.09,3,3,2,323
5552,609,1,44.16,1,2,2,122
5554,377,1,37.81,2,2,2,222
5557,101,2,85.05000000000001,3,3,3,333
5558,190,1,78.83,3,3,2,323
5560,145,1,125.3,3,3,2,323
5562,210,1,112.16,3,3,2,323
5564,284,1,55.89,2,3,2,223
5566,536,1,5.89,1,1,2,121
5573,457,1,22.72,2,2,2,222
5581,46,1,46.62,3,2,2,322
5582,88,1,60.92,3,3,2,323
5583,704,1,12.57,1,1,2,121
5584,657,1,106.31,1,3,2,123
5593,31,1,22.24,3,2,2,322
5605,266,1,40.09,2,2,2,222
5616,125,2,82.36,3,3,3,333
5625,129,1,55.59,3,3,2,323
5632,183,1,47.93,3,2,2,322
5634,429,1,29.65,2,2,2,222
5636,651,1,21.9,1,1,2,121
5637,434,1,3.67,2,1,2,221
5646,467,1,2.49,1,1,2,121
5653,72,1,48.33,3,2,2,322
5658,365,1,105.4,2,3,2,223
5668,124,2,80.75,3,3,3,333
5669,607,1,14.06,1,1,2,121
5676,228,1,29.46,2,2,2,222
5678,190,1,45.03,3,2,2,322
5681,547,1,36.36,1,2,2,122
5689,127,1,66.06,3,3,2,323
5693,241,1,45.63,2,2,2,222
5697,716,1,56.56,1,3,2,123
5700,566,1,14.49,1,1,2,121
5703,412,2,125.02000000000001,2,3,3,233
5706,480,1,18.28,1,1,2,121
5708,553,1,84.8,1,3,2,123
5712,203,1,14.96,3,1,2,321
5719,389,1,6.94,2,1,2,221
5720,180,2,98.28,3,3,3,333
5728,388,2,105.81,2,3,3,233
5729,599,1,36.5,1,2,2,122
5732,621,1,39.08,1,2,2,122
5735,182,1,39.41,3,2,2,322
5741,668,1,13.32,1,1,2,121
5742,49,1,35.15,3,2,2,322
5773,84,1,53.46,3,2,2,322
5775,159,1,83.61,3,3,2,323
5777,292,1,60.09,2,3,2,223
5778,527,1,100.88,1,3,2,123
5781,334,2,31.61,2,2,3,232
5786,188,1,39.78,3,2,2,322
5794,505,1,5.8,1,1,2,121
5807,573,1,103.75,1,3,2,123
5808,392,1,18.29,2,1,2,221
5813,480,1,8.93,1,1,2,121
5820,557,1,39.49,1,2,2,122
5833,288,2,27.9,2,2,3,232
5835,150,2,104.48,3,3,3,333
5837,712,1,32.3,1,2,2,122
5839,110,1,19.34,3,1,2,321
5840,406,1,35.7,2,2,2,222
5843,491,1,119.56,1,3,2,123
5844,299,1,21.23,2,1,2,221
5846,74,1,3.49,3,1,2,321
5847,186,1,64.4,3,3,2,323
5873,16,1,25.78,3,2,2,322
5876,131,1,24.44,3,2,2,322
5888,288,1,75.76,2,3,2,223
5889,76,1,58.26,3,3,2,323
5890,555,1,6.08,1,1,2,121
5891,79,1,97.28,3,3,2,323
5892,144,1,24.68,3,2,2,322
5896,527,1,29.56,1,2,2,122
5901,233,1,17.6,2,1,2,221
5902,268,2,153.45,2,3,3,233
5905,6,1,31.03,3,2,2,322
5906,28,1,26.35,3,2,2,322
5911,361,1,109.52,2,3,2,223
5914,68,1,83.03,3,3,2,323
5915,374,1,108.08,2,3,2,223
5920,336,1,4.92,2,1,2,221
5930,414,1,8.42,2,1,2,221
5933,521,1,12.02,1,1,2,121
5934,635,1,32.44,1,2,2,122
5941,69,1,32.0,3,2,2,322
5942,570,1,23.57,1,2,2,122
5944,49,1,36.5,3,2,2,322
5945,606,1,8.32,1,1,2,121
5947,277,1,79.14,2,3,2,223
5949,354,2,37.160000000000004,2,2,3,232
5951,225,1,14.44,2,1,2,221
5956,254,1,8.97,2,1,2,221
5961,111,3,43.93,3,2,3,332
5978,663,1,30.03,1,2,2,122
5979,155,1,43.38,3,2,2,322
5982,186,1,18.89,3,1,2,321
5984,88,1,26.02,3,2,2,322
5991,724,1,34.21,1,2,2,122
6000,92,1,27.51,3,2,2,322
6003,639,1,2.88,1,1,2,121
6005,166,1,6.29,3,1,2,321
6023,534,1,85.15,1,3,2,123
6026,605,1,49.38,1,2,2,122
6038,544,2,29.56,1,2,3,132
6039,267,1,66.31,2,3,2,223
6040,111,1,10.58,3,1,2,321
6049,168,1,42.16,3,2,2,322
6050,384,2,169.31,2,3,3,233
6051,370,1,4.42,2,1,2,221
6053,694,1,17.58,1,1,2,121
6055,343,1,90.25,2,3,2,223
6062,14,1,39.97,3,2,2,322
6067,212,2,75.4,3,3,3,333
6070,101,1,28.94,3,2,2,322
6080,329,1,47.65,2,2,2,222
6083,150,1,68.31,3,3,2,323
6085,371,2,74.16,2,3,3,233
6090,475,1,62.58,1,3,2,123
6095,193,1,2.18,3,1,2,321
6105,169,1,25.25,3,2,2,322
6107,420,1,68.89,2,3,2,223
6110,463,1,5.13,1,1,2,121
6111,282,1,36.08,2,2,2,222
6119,456,1,22.35,2,2,2,222
6123,582,1,18.4,1,1,2,121
6126,408,1,10.02,2,1,2,221
6129,282,1,38.78,2,2,2,222
6133,444,1,18.79,2,1,2,221
6134,266,1,87.72,2,3,2,223
6138,685,1,77.73,1,3,2,123
6139,391,2,80.38,2,3,3,233
6143,214,1,11.03,3,1,2,321
6145,414,1,39.12,2,2,2,222
6147,544,2,80.22,1,3,3,133
6150,225,1,30.33,2,2,2,222
6152,717,1,92.42,1,3,2,123
6155,564,1,118.28,1,3,2,123
6161,10,1,16.67,3,1,2,321
6168,418,1,81.34,2,3,2,223
6179,612,1,29.46,1,2,2,122
6180,8,1,10.39,3,1,2,321
6185,627,1,67.79,1,3,2,123
6188,243,1,39.29,2,2,2,222
6194,231,1,24.03,2,2,2,222
6198,143,1,38.8,3,2,2,322
6213,151,1,11.94,3,1,2,321
6218,603,1,33.54,1,2,2,122
6221,7,1,16.88,3,1,2,321
6224,281,1,13.33,2,1,2,221
6231,159,1,2.8,3,1,2,321
6236,211,1,32.18,3,2,2,322
6238,36,1,56.9,3,3,2,323
6241,519,1,65.02,1,3,2,123
6246,19,1,39.34,3,2,2,322
6253,261,2,150.06,2,3,3,233
6260,209,1,81.36,3,3,2,323
6269,127,1,123.34,3,3,2,323
6272,54,2,69.41,3,3,3,333
6277,86,1,17.03,3,1,2,321
6279,368,1,54.94,2,2,2,222
6280,261,1,24.51,2,2,2,222
6286,3,1,22.56,3,2,2,322
6295,58,1,44.81,3,2,2,322
6301,3,1,2.7,3,1,2,321
6302,183,1,90.94,3,3,2,323
6304,717,1,13.73,1,1,2,121
6310,350,1,25.44,2,2,2,222
6313,75,1,9.66,3,1,2,321
6314,111,2,58.489999999999995,3,3,3,333
6315,59,1,36.53,3,2,2,322
6325,215,2,123.39000000000001,3,3,3,333
6327,434,1,27.64,2,2,2,222
6345,482,1,34.92,1,2,2,122
6347,706,1,9.4,1,1,2,121
6353,426,1,84.03,2,3,2,223
6355,467,1,78.25,1,3,2,123
6364,4,1,54.98,3,2,2,322
6370,614,1,125.5,1,3,2,123
6372,216,2,13.68,3,1,3,331
6373,6,1,31.6,3,2,2,322
6374,19,1,45.82,3,2,2,322
6375,636,1,44.14,1,2,2,122
6378,513,1,7.53,1,1,2,121
6381,98,1,25.44,3,2,2,322
6383,67,1,18.47,3,1,2,321
6399,388,1,70.45,2,3,2,223
6400,209,1,98.78,3,3,2,323
6401,656,1,47.21,1,2,2,122
6404,551,1,9.36,1,1,2,121
6409,245,1,86.3,2,3,2,223
6411,172,2,22.490000000000002,3,2,3,332
6413,674,1,41.27,1,2,2,122
6419,456,1,4.83,2,1,2,221
6421,308,1,27.49,2,2,2,222
6427,206,2,78.6,3,3,3,333
6432,111,2,43.01,3,2,3,332
6438,517,1,5.88,1,1,2,121
6439,54,1,26.38,3,2,2,322
6442,122,1,49.66,3,2,2,322
6447,626,1,7.06,1,1,2,121
6455,494,1,75.71,1,3,2,123
6456,105,2,102.86999999999999,3,3,3,333
6464,540,1,129.82,1,3,2,123
6482,678,1,84.51,1,3,2,123
6484,395,1,48.41,2,2,2,222
6489,508,1,9.44,1,1,2,121
6491,657,1,39.59,1,2,2,122
6493,115,1,62.32,3,3,2,323
6507,210,1,29.45,3,2,2,322
6511,335,1,5.08,2,1,2,221
6514,650,1,34.2,1,2,2,122
6517,49,1,76.03,3,3,2,323
6523,115,1,23.68,3,2,2,322
6530,530,1,56.71,1,3,2,123
6531,75,1,10.08,3,1,2,321
6539,713,1,9.28,1,1,2,121
6543,202,1,44.76,3,2,2,322
6549,105,1,27.86,3,2,2,322
6553,87,1,44.69,3,2,2,322
6555,296,1,22.57,2,2,2,222
6559,108,1,4.16,3,1,2,321
6562,557,1,11.57,1,1,2,121
6567,457,1,10.25,2,1,2,221
6573,643,1,5.27,1,1,2,121
6582,586,1,10.62,1,1,2,121
6590,720,1,136.19,1,3,2,123
6598,134,1,4.88,3,1,2,321
6617,571,1,2.76,1,1,2,121
6620,226,1,46.1,2,2,2,222
6626,175,1,57.56,3,3,2,323
6629,95,1,50.4,3,2,2,322
6631,35,1,44.95,3,2,2,322
6635,261,1,16.77,2,1,2,221
6642,230,1,21.19,2,1,2,221
6651,710,1,82.59,1,3,2,123
6654,129,2,89.83,3,3,3,333
6655,396,1,71.69,2,3,2,223
6658,420,1,8.36,2,1,2,221
6661,273,1,24.05,2,2,2,222
6666,688,1,109.6,1,3,2,123
6675,236,1,5.43,2,1,2,221
6692,178,1,1.9,3,1,2,321
6697,637,1,80.32,1,3,2,123
6718,45,1,42.39,3,2,2,322
6724,457,1,9.7,2,1,2,221
6727,7,1,19.14,3,1,2,321
6731,489,1,27.8,1,2,2,122
6733,555,1,77.36,1,3,2,123
6744,61,1,16.47,3,1,2,321
6747,316,1,45.52,2,2,2,222
6753,168,1,23.78,3,2,2,322
6766,73,1,81.02,3,3,2,323
6770,598,1,109.69,1,3,2,123
6772,559,1,16.64,1,1,2,121
6776,252,1,22.53,2,2,2,222
6780,543,1,23.14,1,2,2,122
6781,692,1,47.12,1,2,2,122
6793,51,1,63.26,3,3,2,323
6802,674,1,11.45,1,1,2,121
6807,522,1,27.84,1,2,2,122
6813,110,1,24.92,3,2,2,322
6816,600,1,92.65,1,3,2,123
6848,60,1,4.37,3,1,2,321
6862,566,1,17.08,1,1,2,121
6869,69,1,15.4,3,1,2,321
6870,131,1,59.81,3,3,2,323
6873,438,1,14.61,2,1,2,221
6876,682,1,62.74,1,3,2,123
6881,283,1,56.21,2,3,2,223
6882,722,1,119.79,1,3,2,123
6886,490,1,21.96,1,1,2,121
6890,185,2,59.06,3,3,3,333
6896,138,1,71.52,3,3,2,323
6900,686,1,17.1,1,1,2,121
6905,535,1,48.12,1,2,2,122
6908,677,1,46.76,1,2,2,122
6909,647,1,93.48,1,3,2,123
6922,334,1,26.32,2,2,2,222
6925,281,1,58.14,2,3,2,223
6927,246,2,27.490000000000002,2,2,3,232
6928,661,2,72.35,1,3,3,133
6931,331,1,39.61,2,2,2,222
6940,490,1,18.57,1,1,2,121
6942,652,1,6.72,1,1,2,121
6947,47,1,19.58,3,1,2,321
6963,432,1,37.12,2,2,2,222
6977,161,2,53.78,3,2,3,332
6990,143,1,19.33,3,1,2,321
6992,136,2,48.06999999999999,3,2,3,332
6993,476,1,130.0,1,3,2,123
6994,317,1,84.42,2,3,2,223
7001,448,1,13.36,2,1,2,221
7010,308,1,22.3,2,2,2,222
7012,420,1,24.56,2,2,2,222
7018,307,1,2.92,2,1,2,221
7029,390,1,81.21,2,3,2,223
7033,270,1,50.95,2,2,2,222
7038,207,1,92.98,3,3,2,323
7043,599,1,49.08,1,2,2,122
7044,366,2,65.05,2,3,3,233
7046,362,2,40.53,2,2,3,232
7049,277,1,62.56,2,3,2,223
7065,454,1,95.74,2,3,2,223
7070,330,2,78.34,2,3,3,233
7071,676,1,25.59,1,2,2,122
7078,209,1,17.23,3,1,2,321
7079,658,1,44.57,1,2,2,122
7081,299,1,71.67,2,3,2,223
7086,645,1,24.48,1,2,2,122
7092,631,1,43.38,1,2,2,122
7095,385,1,5.24,2,1,2,221
7102,373,1,59.49,2,3,2,223
7105,99,1,21.23,3,1,2,321
7108,17,2,85.57,3,3,3,333
7112,414,1,2.56,2,1,2,221
7114,112,1,56.74,3,3,2,323
7118,389,1,3.64,2,1,2,221
7121,407,1,9.31,2,1,2,221
7126,137,1,90.47,3,3,2,323
7129,426,1,6.05,2,1,2,221
7149,421,1,40.21,2,2,2,222
7150,394,1,54.74,2,2,2,222
7161,512,1,16.61,1,1,2,121
7163,403,1,75.91,2,3,2,223
7164,70,1,19.14,3,1,2,321
7167,587,1,81.45,1,3,2,123
7171,230,1,4.48,2,1,2,221
7172,610,1,92.56,1,3,2,123
7173,486,1,12.38,1,1,2,121
7176,672,1,15.13,1,1,2,121
7179,300,1,71.11,2,3,2,223
7184,438,1,50.9,2,2,2,222
7201,668,1,21.15,1,1,2,121
7209,468,2,64.68,1,3,3,133
7211,203,3,90.4,3,3,3,333
7223,287,1,42.7,2,2,2,222
7224,105,1,23.5,3,2,2,322
7225,177,1,126.51,3,3,2,323
7227,663,1,41.82,1,2,2,122
7229,615,1,4.79,1,1,2,121
7232,359,1,100.6,2,3,2,223
7237,598,1,28.4,1,2,2,122
7242,91,1,97.26,3,3,2,323
7244,119,1,1.57,3,1,2,321
7246,430,1,99.28,2,3,2,223
7252,267,1,10.08,2,1,2,221
7256,339,1,104.04,2,3,2,223
7266,381,1,46.66,2,2,2,222
7267,248,1,17.59,2,1,2,221
7270,129,1,3.35,3,1,2,321
7272,289,1,82.34,2,3,2,223
7274,548,1,5.28,1,1,2,121
7276,660,1,33.9,1,2,2,122
7286,401,1,46.35,2,2,2,222
7288,143,1,5.38,3,1,2,321
7290,293,1,4.25,2,1,2,221
7291,346,2,122.56,2,3,3,233
7293,58,1,17.04,3,1,2,321
7302,67,1,49.96,3,2,2,322
7311,31,2,135.25,3,3,3,333
7322,642,1,17.52,1,1,2,121
7329,338,1,15.25,2,1,2,221
7333,509,1,64.64,1,3,2,123
7334,466,1,61.42,1,3,2,123
7337,61,1,43.28,3,2,2,322
7338,440,1,5.84,2,1,2,221
7353,124,1,33.97,3,2,2,322
7363,541,1,10.14,1,1,2,121
7364,405,1,71.18,2,3,2,223
7367,255,2,154.42999999999998,2,3,3,233
7375,204,1,61.28,3,3,2,323
7383,484,1,55.66,1,3,2,123
7389,67,1,14.98,3,1,2,321
7396,524,1,4.28,1,1,2,121
7418,500,1,75.64,1,3,2,123
7421,629,1,48.65,1,2,2,122
7431,274,1,88.92,2,3,2,223
7434,349,1,17.43,2,1,2,221
7437,446,1,77.49,2,3,2,223
7438,185,2,95.64,3,3,3,333
7439,319,1,26.11,2,2,2,222
7442,337,1,26.43,2,2,2,222
7455,270,1,20.13,2,1,2,221
7461,671,1,43.3,1,2,2,122
7464,94,2,129.49,3,3,3,333
7471,344,1,63.52,2,3,2,223
7483,471,1,35.9,1,2,2,122
7484,516,1,1.62,1,1,2,121
7492,331,1,43.13,2,2,2,222
7493,244,1,3.34,2,1,2,221
7499,129,1,51.55,3,2,2,322
7502,668,1,42.83,1,2,2,122
7504,117,1,32.04,3,2,2,322
7505,60,1,7.61,3,1,2,321
7511,73,1,4.04,3,1,2,321
7512,225,1,109.44,2,3,2,223
7520,336,1,10.67,2,1,2,221
7523,515,1,36.12,1,2,2,122
7524,96,2,48.239999999999995,3,2,3,332
7525,8,1,23.63,3,2,2,322
7547,145,2,65.82000000000001,3,3,3,333
7553,152,1,27.32,3,2,2,322
7560,323,1,20.55,2,1,2,221
7561,98,1,18.22,3,1,2,321
7563,440,1,87.23,2,3,2,223
7566,314,2,92.46000000000001,2,3,3,233
7567,210,1,5.49,3,1,2,321
7568,676,1,61.39,1,3,2,123
7570,29,1,26.85,3,2,2,322
7580,398,1,19.53,2,1,2,221
7590,665,1,49.0,1,2,2,122
7592,188,1,59.16,3,3,2,323
7594,518,1,72.56,1,3,2,123
7596,164,1,18.36,3,1,2,321
7606,445,1,23.38,2,2,2,222
7622,58,1,99.96,3,3,2,323
7624,167,1,2.47,3,1,2,321
7625,66,2,59.75,3,3,3,333
7626,178,1,10.67,3,1,2,321
7636,240,1,5.96,2,1,2,221
7640,435,1,8.5,2,1,2,221
7642,197,1,108.6,3,3,2,323
7643,87,1,9.46,3,1,2,321
7653,498,1,22.58,1,2,3,132
7655,447,1,73.86,2,3,3,233
7658,247,3,109.37,2,3,3,233
7669,582,1,65.56,1,3,3,133
7684,657,1,28.11,1,2,3,132
7686,0,1,55.0,3,3,3,333
7689,639,1,86.55,1,3,3,133
7690,471,1,87.23,1,3,3,133
7691,476,1,23.02,1,2,3,132
7697,128,1,63.67,3,3,3,333
7703,207,1,9.12,3,1,3,331
7708,90,1,95.04,3,3,3,333
7718,711,1,54.8,1,2,3,132
7730,132,2,201.23000000000002,3,3,3,333
7731,447,1,15.58,2,1,3,231
7739,720,1,27.39,1,2,3,132
7743,16,1,3.35,3,1,3,331
7744,191,1,65.25,3,3,3,333
7745,106,2,141.98,3,3,3,333
7751,290,1,17.44,2,1,3,231
7755,710,1,55.0,1,3,3,133
7761,406,1,94.97,2,3,3,233
7770,687,1,74.6,1,3,3,133
7775,496,1,35.42,1,2,3,132
7786,438,1,58.8,2,3,3,233
7790,41,1,73.32,3,3,3,333
7797,221,2,121.52,3,3,3,333
7798,466,1,61.07,1,3,3,133
7806,375,2,43.849999999999994,2,2,3,232
7807,593,1,56.35,1,3,3,133
7815,163,1,66.73,3,3,3,333
7818,259,1,27.6,2,2,3,232
7819,18,1,26.12,3,2,3,332
7821,412,1,60.91,2,3,3,233
7825,249,2,26.619999999999997,2,2,3,232
7841,500,1,23.08,1,2,3,132
7843,505,1,79.32,1,3,3,133
7850,537,1,15.27,1,1,3,131
7853,307,1,24.96,2,2,3,232
7865,311,1,61.9,2,3,3,233
7868,252,1,93.15,2,3,3,233
7870,555,1,49.0,1,2,3,132
7878,233,1,40.79,2,2,3,232
7882,91,1,2.53,3,1,3,331
7883,427,1,35.09,2,2,3,232
7887,439,1,9.75,2,1,3,231
7888,213,1,78.13,3,3,3,333
7895,446,1,20.05,2,1,3,231
7897,321,1,23.06,2,2,3,232
7899,497,1,60.94,1,3,3,133
7906,534,1,29.19,1,2,3,132
7912,705,1,73.35,1,3,3,133
7916,266,1,25.75,2,2,3,232
7919,190,1,25.84,3,2,3,332
7924,465,1,74.6,1,3,3,133
7929,55,1,18.98,3,1,3,331
7930,188,1,6.04,3,1,3,331
7932,117,2,118.67,3,3,3,333
7937,335,1,8.93,2,1,3,231
7939,85,2,97.75999999999999,3,3,3,333
7941,462,1,51.87,1,2,3,132
7947,352,1,23.5,2,2,3,232
7951,193,1,9.99,3,1,3,331
7955,668,1,24.21,1,2,3,132
7965,560,1,80.37,1,3,3,133
7971,150,1,140.21,3,3,3,333
7981,600,1,25.92,1,2,3,132
7985,371,1,23.02,2,2,3,232
7992,487,1,39.53,1,2,3,132
7999,298,1,34.02,2,2,3,232
8007,294,2,74.30000000000001,2,3,3,233
8009,572,1,16.39,1,1,3,131
8015,601,1,68.83,1,3,3,133
8019,32,1,53.55,3,2,3,332
8022,624,1,82.89,1,3,3,133
8025,492,1,69.67,1,3,3,133
8030,73,1,17.47,3,1,3,331
8032,728,1,48.2,1,2,3,132
8033,284,1,63.72,2,3,3,233
8034,518,1,18.12,1,1,3,131
8035,485,1,44.04,1,2,3,132
8037,427,1,58.09,2,3,3,233
8043,119,1,27.96,3,2,3,332
8048,652,1,134.85,1,3,3,133
8052,647,1,11.78,1,1,3,131
8054,103,1,74.85,3,3,3,333
8055,262,2,202.44,2,3,3,233
8056,616,1,122.85,1,3,3,133
8062,454,1,12.68,2,1,3,231
8066,675,1,37.77,1,2,3,132
8075,654,1,56.5,1,3,3,133
8078,159,1,20.17,3,1,3,331
8080,422,1,46.25,2,2,3,232
8096,91,1,41.92,3,2,3,332
8102,448,1,94.8,2,3,3,233
8109,229,1,51.88,2,2,3,232
8118,639,1,55.53,1,3,3,133
8119,461,1,132.18,2,3,3,233
8121,515,1,42.78,1,2,3,132
8126,516,1,15.18,1,1,3,131
8136,88,1,142.74,3,3,3,333
8138,272,1,20.55,2,1,3,231
8140,352,1,102.12,2,3,3,233
8141,236,1,47.07,2,2,3,232
8144,728,1,117.3,1,3,3,133
8155,74,1,1.68,3,1,3,331
8167,163,2,34.730000000000004,3,2,3,332
8170,696,1,13.72,1,1,3,131
8172,388,1,110.31,2,3,3,233
8178,169,1,87.51,3,3,3,333
8179,82,2,23.060000000000002,3,2,3,332
8191,547,1,43.24,1,2,3,132
8202,407,1,48.6,2,2,3,232
8204,35,1,48.89,3,2,3,332
8206,669,1,109.76,1,3,3,133
8213,652,1,145.5,1,3,3,133
8218,371,1,46.86,2,2,3,232
8222,704,1,56.48,1,3,3,133
8231,305,1,44.38,2,2,3,232
8238,386,1,65.08,2,3,3,233
8239,301,1,15.06,2,1,3,231
8242,139,2,39.18,3,2,3,332
8245,18,1,4.05,3,1,3,331
8247,220,1,57.35,3,3,3,333
8248,62,1,16.3,3,1,3,331
8251,254,1,25.75,2,2,3,232
8253,499,1,62.56,1,3,3,133
8259,215,1,1.34,3,1,3,331
8264,384,1,16.92,2,1,3,231
8265,101,1,29.78,3,2,3,332
8267,672,1,15.8,1,1,3,131
8272,350,2,45.12,2,2,3,232
8291,722,1,29.48,1,2,3,132
8292,661,1,89.3,1,3,3,133
8305,261,1,18.72,2,1,3,231
8311,563,1,79.53,1,3,3,133
8319,319,1,5.71,2,1,3,231
8325,697,1,23.47,1,2,3,132
8344,125,1,57.63,3,3,3,333
8353,297,1,93.5,2,3,3,233
8354,200,1,106.46,3,3,3,333
8355,548,1,49.01,1,2,3,132
8357,265,1,12.92,2,1,3,231
8361,26,1,55.96,3,3,3,333
8365,368,1,112.64,2,3,3,233
8366,537,1,4.52,1,1,3,131
8369,72,1,37.02,3,2,3,332
8371,441,1,58.53,2,3,3,233
8378,136,1,81.24,3,3,3,333
8381,24,4,202.60000000000002,3,3,3,333
8385,540,1,100.62,1,3,3,133
8389,248,1,10.64,2,1,3,231
8391,42,1,41.68,3,2,3,332
8398,40,1,36.5,3,2,3,332
8404,700,1,29.65,1,2,3,132
8405,671,1,37.22,1,2,3,132
8408,298,1,21.53,2,1,3,231
8412,482,1,2.57,1,1,3,131
8417,518,1,43.75,1,2,3,132
8428,254,1,107.68,2,3,3,233
8430,420,2,29.93,2,2,3,232
8432,465,1,65.93,1,3,3,133
8433,337,1,86.8,2,3,3,233
8434,519,1,20.65,1,1,3,131
8438,674,1,22.77,1,2,3,132
8444,231,1,28.71,2,2,3,232
8450,658,1,42.16,1,2,3,132
8454,508,1,17.73,1,1,3,131
8457,333,1,4.87,2,1,3,231
8460,5,2,223.43,3,3,3,333
8471,440,1,52.25,2,2,3,232
8479,729,1,28.26,1,2,3,132
8483,723,1,2.69,1,1,3,131
8486,718,1,99.12,1,3,3,133
8487,614,1,101.8,1,3,3,133
8489,681,1,8.9,1,1,3,131
8491,543,1,6.49,1,1,3,131
8492,290,1,73.1,2,3,3,233
8498,701,1,32.39,1,2,3,132
8501,250,1,72.11,2,3,3,233
8504,230,1,17.28,2,1,3,231
8508,247,1,19.22,2,1,3,231
8511,236,1,7.78,2,1,3,231
8517,619,1,40.29,1,2,3,132
8518,226,1,17.64,2,1,3,231
8520,291,1,46.65,2,2,3,232
8527,313,1,3.42,2,1,3,231
8529,717,1,89.82,1,3,3,133
8532,180,1,21.02,3,1,3,331
8541,458,1,58.81,2,3,3,233
8546,461,1,10.2,2,1,3,231
8555,234,1,122.27,2,3,3,233
8563,179,1,10.39,3,1,3,331
8564,588,1,19.7,1,1,3,131
8570,650,1,40.42,1,2,3,132
8573,435,1,22.87,2,2,3,232
8575,207,1,28.03,3,2,3,332
8579,535,1,11.66,1,1,3,131
8581,279,1,14.02,2,1,3,231
8585,206,1,117.01,3,3,3,333
8586,19,2,38.650000000000006,3,2,3,332
8606,23,1,20.51,3,1,3,331
8612,189,2,121.07000000000001,3,3,3,333
8613,287,1,28.01,2,2,3,232
8620,57,1,32.38,3,2,3,332
8622,30,1,66.91,3,3,3,333
8632,201,1,12.48,3,1,3,331
8633,407,1,75.81,2,3,3,233
8639,315,1,1.41,2,1,3,231
8651,59,1,16.8,3,1,3,331
8657,15,1,38.59,3,2,3,332
8668,319,1,4.18,2,1,3,231
8682,386,1,40.74,2,2,3,232
8684,27,1,63.25,3,3,3,333
8685,381,1,22.38,2,2,3,232
8692,122,2,108.14,3,3,3,333
8699,503,1,76.02,1,3,3,133
8700,459,1,14.12,2,1,3,231
8702,696,1,68.51,1,3,3,133
8710,508,1,20.77,1,1,3,131
8711,557,1,10.3,1,1,3,131
8714,141,1,69.93,3,3,3,333
8717,131,1,16.97,3,1,3,331
8726,52,1,74.84,3,3,3,333
8734,705,1,4.81,1,1,3,131
8739,651,1,54.3,1,2,3,132
8740,189,1,87.79,3,3,3,333
8744,541,1,16.24,1,1,3,131
8749,102,2,38.05,3,2,3,332
8752,113,1,16.12,3,1,3,331
8761,326,1,22.75,2,2,3,232
8770,677,1,28.42,1,2,3,132
8775,523,1,39.68,1,2,3,132
8777,380,1,13.57,2,1,3,231
8787,302,1,41.95,2,2,3,232
8790,519,1,12.55,1,1,3,131
8792,340,1,39.78,2,2,3,232
8793,359,1,16.71,2,1,3,231
8798,686,1,14.19,1,1,3,131
8800,228,1,106.44,2,3,3,233
8801,654,1,18.65,1,1,3,131
8811,339,1,75.31,2,3,3,233
8827,641,1,48.18,1,2,3,132
8837,321,1,77.44,2,3,3,233
8840,239,1,39.06,2,2,3,232
8842,321,1,17.61,2,1,3,231
8843,387,1,22.82,2,2,3,232
8846,19,1,78.04,3,3,3,333
8847,71,1,48.62,3,2,3,332
8849,563,1,56.0,1,3,3,133
8851,277,1,22.82,2,2,3,232
8861,459,1,107.43,2,3,3,233
8871,597,1,16.88,1,1,3,131
8873,51,1,63.2,3,3,3,333
8886,563,1,5.24,1,1,3,131
8894,103,1,63.02,3,3,3,333
8900,555,1,47.33,1,2,3,132
8905,363,1,39.66,2,2,3,232
8909,648,1,83.56,1,3,3,133
8912,459,1,17.2,2,1,3,231
8916,217,2,19.59,3,1,3,331
8921,368,1,23.57,2,2,3,232
8932,580,1,10.96,1,1,3,131
8933,122,3,67.63000000000001,3,3,3,333
8939,623,1,75.02,1,3,3,133
8941,635,1,8.97,1,1,3,131
8951,117,1,86.97,3,3,3,333
8953,563,1,43.88,1,2,3,132
8962,96,1,23.67,3,2,3,332
8967,580,1,6.58,1,1,3,131
8972,320,1,85.68,2,3,3,233
8973,609,1,11.43,1,1,3,131
8988,565,1,18.62,1,1,3,131
8993,717,1,126.04,1,3,3,133
8994,52,1,20.75,3,1,3,331
8996,475,1,40.6,1,2,3,132
9004,534,1,95.9,1,3,3,133
9005,167,1,11.55,3,1,3,331
9008,659,1,47.74,1,2,3,132
9011,483,1,3.45,1,1,3,131
9017,251,1,39.37,2,2,3,232
9019,320,1,44.63,2,2,3,232
9022,57,1,10.07,3,1,3,331
9025,179,1,19.99,3,1,3,331
9031,648,1,1.09,1,1,3,131
9037,372,1,13.77,2,1,3,231
9041,381,1,66.96,2,3,3,233
9042,650,1,63.76,1,3,3,133
9044,282,1,56.82,2,3,3,233
9047,574,1,7.2,1,1,3,131
9056,407,3,239.55,2,3,3,233
9061,683,1,107.24,1,3,3,133
9071,639,1,26.73,1,2,3,132
9079,616,1,105.73,1,3,3,133
9083,129,1,5.05,3,1,3,331
9090,389,1,10.32,2,1,3,231
9092,39,1,8.87,3,1,3,331
9094,709,1,85.28,1,3,3,133
9095,369,1,33.84,2,2,3,232
9108,265,1,13.86,2,1,3,231
9109,412,1,20.89,2,1,3,231
9115,303,1,87.42,2,3,3,233
9116,585,1,21.2,1,1,3,131
9117,506,1,72.09,1,3,3,133
9120,693,1,52.02,1,2,3,132
9123,268,1,48.1,2,2,3,232
9133,460,1,64.35,2,3,3,233
9138,83,1,18.21,3,1,3,331
9147,368,1,21.38,2,1,3,231
9151,444,1,50.74,2,2,3,232
9167,244,1,17.62,2,1,3,231
9171,47,1,86.68,3,3,3,333
9179,422,1,50.45,2,2,3,232
9180,621,1,7.64,1,1,3,131
9185,62,1,74.99,3,3,3,333
9189,73,2,134.82999999999998,3,3,3,333
9193,698,1,6.4,1,1,3,131
9199,310,2,62.01,2,3,3,233
9209,134,1,47.12,3,2,3,332
9221,20,2,39.15,3,2,3,332
9224,439,1,42.39,2,2,3,232
9225,207,1,42.55,3,2,3,332
9228,98,1,24.57,3,2,3,332
9229,271,1,23.42,2,2,3,232
9233,13,1,5.86,3,1,3,331
9234,232,1,71.86,2,3,3,233
9238,22,1,53.22,3,2,3,332
9254,557,1,98.67,1,3,3,133
9255,505,1,48.63,1,2,3,132
9261,366,1,12.72,2,1,3,231
9270,398,1,3.86,2,1,3,231
9279,262,1,99.58,2,3,3,233
9281,222,2,85.98,3,3,3,333
9288,524,1,91.48,1,3,3,133
9289,227,1,11.49,2,1,3,231
9300,12,1,9.23,3,1,3,331
9307,431,1,7.34,2,1,3,231
9312,119,2,92.58,3,3,3,333
9313,564,1,42.75,1,2,3,132
9316,299,1,31.04,2,2,3,232
9317,256,1,130.46,2,3,3,233
9318,522,1,37.45,1,2,3,132
9327,150,1,15.87,3,1,3,331
9336,728,1,39.88,1,2,3,132
9341,418,1,59.0,2,3,3,233
9346,419,1,2.09,2,1,3,231
9348,346,2,57.22,2,3,3,233
9351,316,1,114.32,2,3,3,233
9355,579,1,57.51,1,3,3,133
9361,383,1,5.26,2,1,3,231
9363,238,1,25.79,2,2,3,232
9366,149,1,78.51,3,3,3,333
9369,642,1,36.99,1,2,3,132
9379,640,1,29.57,1,2,3,132
9394,641,1,21.55,1,1,3,131
9395,413,1,82.32,2,3,3,233
9401,44,1,24.65,3,2,3,332
9406,107,1,29.78,3,2,3,332
9410,615,1,49.18,1,2,3,132
9423,545,1,23.7,1,2,3,132
9428,30,1,103.1,3,3,3,333
9431,89,1,93.52,3,3,3,333
9433,367,1,10.62,2,1,3,231
9443,283,1,16.35,2,1,3,231
9445,214,1,134.19,3,3,3,333
9446,621,1,19.37,1,1,3,131
9447,147,1,27.46,3,2,3,332
9450,694,1,132.7,1,3,3,133
9452,68,1,10.0,3,1,3,331
9476,462,1,2.14,1,1,3,131
9479,379,1,24.87,2,2,3,232
9482,258,2,66.99000000000001,2,3,3,233
9486,369,1,38.09,2,2,3,232
9499,296,1,7.08,2,1,3,231
9501,34,1,7.64,3,1,3,331
9502,223,1,99.65,3,3,3,333
9507,522,1,19.21,1,1,3,131
9515,409,1,76.5,2,3,3,233
9518,11,1,32.01,3,2,3,332
9525,386,1,52.65,2,2,3,232
9537,598,1,20.54,1,1,3,131
9540,353,2,39.0,2,2,3,232
9543,495,1,4.82,1,1,3,131
9548,224,1,102.7,2,3,3,233
9561,434,1,105.96,2,3,3,233
9565,484,1,41.18,1,2,3,132
9568,328,1,32.48,2,2,3,232
9582,680,1,0.88,1,1,3,131
9586,323,1,10.04,2,1,3,231
9589,241,1,10.44,2,1,3,231
9592,482,1,2.02,1,1,3,131
9595,266,1,46.86,2,2,3,232
9617,22,1,59.46,3,3,3,333
9618,307,1,74.75,2,3,3,233
9624,657,1,24.65,1,2,3,132
9625,533,1,62.65,1,3,3,133
9626,700,1,45.2,1,2,3,132
9641,404,1,124.69,2,3,3,233
9645,52,1,62.14,3,3,3,333
9647,401,1,67.45,2,3,3,233
9653,16,1,8.4,3,1,3,331
9666,723,1,8.54,1,1,3,131
9683,625,1,14.84,1,1,3,131
9689,16,1,142.4,3,3,3,333
9691,292,2,41.72,2,2,3,232
9692,500,1,75.4,1,3,3,133
9698,462,1,14.59,1,1,3,131
9700,554,1,3.81,1,1,3,131
9701,607,1,9.03,1,1,3,131
9702,295,1,62.45,2,3,3,233
9715,435,1,22.52,2,2,3,232
9725,183,1,24.51,3,2,3,332
9727,135,1,76.96,3,3,3,333
9728,397,1,111.33,2,3,3,233
9734,464,1,57.37,1,3,3,133
9740,657,1,20.99,1,1,3,131
9742,434,1,35.6,2,2,3,232
9749,544,1,98.08,1,3,3,133
9751,631,2,76.75,1,3,3,133
9756,421,1,51.5,2,2,3,232
9775,167,1,58.38,3,3,3,333
9779,137,1,17.04,3,1,3,331
9782,717,1,56.02,1,3,3,133
9785,472,1,17.53,1,1,3,131
9786,381,1,71.58,2,3,3,233
9791,312,1,24.87,2,2,3,232
9792,613,1,12.47,1,1,3,131
9793,723,1,66.3,1,3,3,133
9796,268,2,55.57,2,3,3,233
9797,146,1,44.42,3,2,3,332
9804,191,1,141.61,3,3,3,333
9806,107,1,59.7,3,3,3,333
9807,624,1,45.34,1,2,3,132
9808,564,1,16.82,1,1,3,131
9813,362,1,30.16,2,2,3,232
9817,128,1,97.12,3,3,3,333
9821,196,1,47.55,3,2,3,332
9824,353,2,64.16,2,3,3,233
9827,599,1,42.84,1,2,3,132
9830,525,1,73.55,1,3,3,133
9834,627,1,25.84,1,2,3,132
9835,143,2,193.57,3,3,3,333
9837,49,2,98.91,3,3,3,333
9843,81,2,147.36,3,3,3,333
9849,667,1,21.43,1,1,3,131
9850,404,2,107.8,2,3,3,233
9856,80,2,95.72,3,3,3,333
9864,702,1,33.4,1,2,3,132
9882,231,2,20.65,2,1,3,231
9883,682,1,47.51,1,2,3,132
9889,371,1,79.93,2,3,3,233
9897,292,2,175.78,2,3,3,233
9898,90,1,29.28,3,2,3,332
9899,435,1,86.68,2,3,3,233
9900,183,1,36.69,3,2,3,332
9901,322,1,143.26,2,3,3,233
9903,437,1,22.71,2,2,3,232
9928,404,1,17.34,2,1,3,231
9935,662,1,41.8,1,2,3,132
9938,505,1,59.04,1,3,3,133
9939,590,1,26.82,1,2,3,132
9945,467,1,5.23,1,1,3,131
9947,108,1,18.63,3,1,3,331
9950,454,1,83.0,2,3,3,233
9951,199,1,12.07,3,1,3,331
9954,139,2,138.24,3,3,3,333
9955,607,1,22.34,1,2,3,132
9967,281,1,59.59,2,3,3,233
9972,28,1,16.18,3,1,3,331
9976,383,1,0.11,2,1,3,231
9977,82,1,2.14,3,1,3,331
9984,176,1,5.68,3,1,3,331
9998,21,1,28.2,3,2,3,332
